Timestamp,Close,Volume
2024-03-19 18:56:00,63847.88,32.30291
2024-03-19 18:57:00,63936.0,13.1766
2024-03-19 18:58:00,63931.99,15.88223
2024-03-19 18:59:00,63952.01,30.56521
2024-03-19 19:00:00,64000.0,12.85399
2024-03-19 19:01:00,63910.42,31.98157
2024-03-19 19:02:00,63981.96,30.03354
2024-03-19 19:03:00,63983.98,19.73521
2024-03-19 19:04:00,63853.8,20.56878
2024-03-19 19:05:00,63850.66,34.62423
2024-03-19 19:06:00,63856.01,41.12372
2024-03-19 19:07:00,63909.65,31.03035
2024-03-19 19:08:00,63899.99,25.03934
2024-03-19 19:09:00,63839.99,14.74531
2024-03-19 19:10:00,63749.91,41.65563
2024-03-19 19:11:00,63676.12,66.26474
2024-03-19 19:12:00,63569.3,56.90425
2024-03-19 19:13:00,63597.99,49.61993
2024-03-19 19:14:00,63500.01,71.09621
2024-03-19 19:15:00,63407.99,108.74865
2024-03-19 19:16:00,63250.01,103.13829
2024-03-19 19:17:00,63238.94,62.46613
2024-03-19 19:18:00,63172.61,73.14024
2024-03-19 19:19:00,63239.99,68.0403
2024-03-19 19:20:00,63279.47,81.01571
2024-03-19 19:21:00,63142.96,71.85132
2024-03-19 19:22:00,63128.01,72.15146
2024-03-19 19:23:00,63061.09,55.21471
2024-03-19 19:24:00,63107.99,49.04234
2024-03-19 19:25:00,63181.52,34.99293
2024-03-19 19:26:00,63128.0,36.69519
2024-03-19 19:27:00,63068.6,26.56284
2024-03-19 19:28:00,63033.98,48.86006
2024-03-19 19:29:00,63013.19,40.22109
2024-03-19 19:30:00,63007.81,42.30919
2024-03-19 19:31:00,63154.55,148.93764
2024-03-19 19:32:00,63150.0,46.81835
2024-03-19 19:33:00,63190.0,39.68058
2024-03-19 19:34:00,63171.0,55.39923
2024-03-19 19:35:00,63047.91,41.71724
2024-03-19 19:36:00,62981.11,70.93707
2024-03-19 19:37:00,62885.06,122.29071
2024-03-19 19:38:00,62841.09,55.95077
2024-03-19 19:39:00,62890.0,44.57048
2024-03-19 19:40:00,62903.96,41.67857
2024-03-19 19:41:00,62884.01,34.75347
2024-03-19 19:42:00,62825.13,44.56936
2024-03-19 19:43:00,62761.4,63.00388
2024-03-19 19:44:00,62739.98,50.75793
2024-03-19 19:45:00,62751.99,35.99722
2024-03-19 19:46:00,62772.19,37.43211
2024-03-19 19:47:00,62722.2,43.85277
2024-03-19 19:48:00,62735.99,23.22281
2024-03-19 19:49:00,62744.0,26.02027
2024-03-19 19:50:00,62735.18,44.66199
2024-03-19 19:51:00,62775.67,55.30754
2024-03-19 19:52:00,62683.28,38.36997
2024-03-19 19:53:00,62624.0,109.84318
2024-03-19 19:54:00,62551.57,85.07689
2024-03-19 19:55:00,62500.02,157.86977
2024-03-19 19:56:00,62512.01,82.56633
2024-03-19 19:57:00,62556.01,83.36711
2024-03-19 19:58:00,62609.61,75.70778
2024-03-19 19:59:00,62633.96,26.50996
2024-03-19 20:00:00,62756.27,57.25438
2024-03-19 20:01:00,62661.11,37.92793
2024-03-19 20:02:00,62494.71,78.19941
2024-03-19 20:03:00,62283.34,234.45079
2024-03-19 20:04:00,62208.74,99.42618
2024-03-19 20:05:00,62200.01,83.8791
2024-03-19 20:06:00,62062.01,186.34091
2024-03-19 20:07:00,62067.48,93.6417
2024-03-19 20:08:00,62224.59,81.3654
2024-03-19 20:09:00,62108.19,81.86795
2024-03-19 20:10:00,62095.78,45.23966
2024-03-19 20:11:00,62092.6,49.30127
2024-03-19 20:12:00,62047.8,49.94201
2024-03-19 20:13:00,62012.66,171.57385
2024-03-19 20:14:00,61940.0,250.30755
2024-03-19 20:15:00,61898.58,68.28271
2024-03-19 20:16:00,62050.82,127.10651
2024-03-19 20:17:00,62128.01,82.33362
2024-03-19 20:18:00,62187.88,71.31037
2024-03-19 20:19:00,62103.95,49.07668
2024-03-19 20:20:00,61988.59,78.39364
2024-03-19 20:21:00,61999.99,78.42063
2024-03-19 20:22:00,61708.97,179.11337
2024-03-19 20:23:00,61643.99,136.27281
2024-03-19 20:24:00,61681.09,90.34454
2024-03-19 20:25:00,61573.57,79.14052
2024-03-19 20:26:00,61599.98,105.33679
2024-03-19 20:27:00,61752.41,117.37086
2024-03-19 20:28:00,61898.97,83.32635
2024-03-19 20:29:00,61647.99,61.20819
2024-03-19 20:30:00,61830.76,79.4563
2024-03-19 20:31:00,61984.0,75.7561
2024-03-19 20:32:00,61969.73,60.89945
2024-03-19 20:33:00,61921.1,63.07566
2024-03-19 20:34:00,61965.03,40.28836
2024-03-19 20:35:00,62078.19,79.45946
2024-03-19 20:36:00,62136.69,58.59869
2024-03-19 20:37:00,62041.43,89.55533
2024-03-19 20:38:00,61990.21,66.39445
2024-03-19 20:39:00,61996.0,50.6009
2024-03-19 20:40:00,62052.59,49.77065
2024-03-19 20:41:00,62003.0,69.20686
2024-03-19 20:42:00,62104.0,47.99254
2024-03-19 20:43:00,62141.1,53.95748
2024-03-19 20:44:00,62054.19,33.77149
2024-03-19 20:45:00,62103.88,35.76116
2024-03-19 20:46:00,62240.67,60.56715
2024-03-19 20:47:00,62252.34,35.50272
2024-03-19 20:48:00,62230.91,49.68796
2024-03-19 20:49:00,62162.12,21.26862
2024-03-19 20:50:00,62211.18,37.97298
2024-03-19 20:51:00,62209.99,43.77994
2024-03-19 20:52:00,62201.1,40.02066
2024-03-19 20:53:00,62064.13,48.59772
2024-03-19 20:54:00,61945.4,44.03965
2024-03-19 20:55:00,61826.49,84.86411
2024-03-19 20:56:00,61908.93,78.95844
2024-03-19 20:57:00,61873.86,46.96165
2024-03-19 20:58:00,61969.05,26.95822
2024-03-19 20:59:00,61937.4,35.83111
2024-03-19 21:00:00,62010.0,83.41979
2024-03-19 21:01:00,62159.38,103.29388
2024-03-19 21:02:00,62190.65,76.18412
2024-03-19 21:03:00,62070.52,46.20595
2024-03-19 21:04:00,61961.4,63.40885
2024-03-19 21:05:00,62180.88,67.56474
2024-03-19 21:06:00,61981.1,70.59189
2024-03-19 21:07:00,61989.94,56.81154
2024-03-19 21:08:00,62134.93,72.58184
2024-03-19 21:09:00,62150.07,61.15295
2024-03-19 21:10:00,62184.0,55.10669
2024-03-19 21:11:00,62140.0,41.44518
2024-03-19 21:12:00,62211.22,101.55214
2024-03-19 21:13:00,62069.18,33.39268
2024-03-19 21:14:00,62128.09,37.40179
2024-03-19 21:15:00,62104.0,32.09459
2024-03-19 21:16:00,62015.9,46.84701
2024-03-19 21:17:00,62196.25,71.18928
2024-03-19 21:18:00,62441.1,246.22926
2024-03-19 21:19:00,62570.84,91.77854
2024-03-19 21:20:00,62621.09,115.65511
2024-03-19 21:21:00,62585.0,51.61573
2024-03-19 21:22:00,62639.98,66.94663
2024-03-19 21:23:00,62641.11,49.13815
2024-03-19 21:24:00,62790.17,61.58449
2024-03-19 21:25:00,62936.27,142.37197
2024-03-19 21:26:00,62979.99,97.56516
2024-03-19 21:27:00,62793.0,55.02561
2024-03-19 21:28:00,62848.61,67.03152
2024-03-19 21:29:00,62773.22,58.82084
2024-03-19 21:30:00,62756.6,75.06598
2024-03-19 21:31:00,62592.0,138.08554
2024-03-19 21:32:00,62468.0,127.81705
2024-03-19 21:33:00,62599.99,57.72566
2024-03-19 21:34:00,62700.0,83.6885
2024-03-19 21:35:00,62893.61,71.54721
2024-03-19 21:36:00,63087.81,217.22055
2024-03-19 21:37:00,63002.71,152.11103
2024-03-19 21:38:00,62936.01,64.11065
2024-03-19 21:39:00,62922.62,60.76474
2024-03-19 21:40:00,62930.0,66.82361
2024-03-19 21:41:00,62953.4,67.13669
2024-03-19 21:42:00,62808.27,73.54171
2024-03-19 21:43:00,62914.03,69.97848
2024-03-19 21:44:00,62903.86,47.97224
2024-03-19 21:45:00,62888.01,40.30724
2024-03-19 21:46:00,62824.15,49.07262
2024-03-19 21:47:00,62818.66,62.83354
2024-03-19 21:48:00,62799.99,41.25367
2024-03-19 21:49:00,62756.65,32.07345
2024-03-19 21:50:00,62736.94,34.25275
2024-03-19 21:51:00,62736.0,28.07833
2024-03-19 21:52:00,62770.0,25.37504
2024-03-19 21:53:00,62908.0,49.25768
2024-03-19 21:54:00,62929.27,40.45937
2024-03-19 21:55:00,63068.01,73.89416
2024-03-19 21:56:00,63041.1,43.66101
2024-03-19 21:57:00,62969.01,42.2269
2024-03-19 21:58:00,63367.17,132.43826
2024-03-19 21:59:00,63230.02,50.00184
2024-03-19 22:00:00,63119.99,57.08452
2024-03-19 22:01:00,63034.57,43.95237
2024-03-19 22:02:00,63090.01,43.34617
2024-03-19 22:03:00,62963.84,70.99746
2024-03-19 22:04:00,62848.0,53.0058
2024-03-19 22:05:00,62758.44,113.87337
2024-03-19 22:06:00,62708.99,58.31883
2024-03-19 22:07:00,62720.01,61.28697
2024-03-19 22:08:00,62735.76,66.30783
2024-03-19 22:09:00,62733.9,39.561
2024-03-19 22:10:00,62621.81,62.31375
2024-03-19 22:11:00,62500.0,71.32782
2024-03-19 22:12:00,62580.0,62.42501
2024-03-19 22:13:00,62656.0,30.79087
2024-03-19 22:14:00,62703.99,28.69827
2024-03-19 22:15:00,62639.37,47.29624
2024-03-19 22:16:00,62561.1,66.45134
2024-03-19 22:17:00,62610.01,35.37375
2024-03-19 22:18:00,62502.2,37.15276
2024-03-19 22:19:00,62305.73,113.14867
2024-03-19 22:20:00,62281.11,73.58546
2024-03-19 22:21:00,62080.0,62.28873
2024-03-19 22:22:00,62139.99,165.97842
2024-03-19 22:23:00,62016.08,80.83642
2024-03-19 22:24:00,62025.4,76.50561
2024-03-19 22:25:00,62052.0,111.69824
2024-03-19 22:26:00,61961.98,72.80658
2024-03-19 22:27:00,62158.04,66.22419
2024-03-19 22:28:00,62291.49,67.66413
2024-03-19 22:29:00,62381.1,53.47341
2024-03-19 22:30:00,62284.27,49.65758
2024-03-19 22:31:00,62202.08,50.20574
2024-03-19 22:32:00,62224.01,40.90831
2024-03-19 22:33:00,62230.0,72.13483
2024-03-19 22:34:00,62140.0,49.41242
2024-03-19 22:35:00,62194.87,58.5101
2024-03-19 22:36:00,62244.6,63.65608
2024-03-19 22:37:00,62212.0,46.36095
2024-03-19 22:38:00,62213.47,42.86811
2024-03-19 22:39:00,62207.99,40.52087
2024-03-19 22:40:00,62147.91,45.65951
2024-03-19 22:41:00,62036.01,55.84607
2024-03-19 22:42:00,62041.4,70.61351
2024-03-19 22:43:00,62097.4,61.01405
2024-03-19 22:44:00,62065.85,39.96681
2024-03-19 22:45:00,62234.08,45.25421
2024-03-19 22:46:00,62229.09,44.91575
2024-03-19 22:47:00,62278.2,54.40533
2024-03-19 22:48:00,62359.99,87.58396
2024-03-19 22:49:00,62377.81,39.94225
2024-03-19 22:50:00,62507.1,57.76389
2024-03-19 22:51:00,62560.37,78.86219
2024-03-19 22:52:00,62422.39,53.60819
2024-03-19 22:53:00,62488.04,48.66785
2024-03-19 22:54:00,62452.82,39.46458
2024-03-19 22:55:00,62588.93,43.93277
2024-03-19 22:56:00,62475.14,51.89146
2024-03-19 22:57:00,62378.07,54.31452
2024-03-19 22:58:00,62314.63,31.39837
2024-03-19 22:59:00,62374.86,26.19765
2024-03-19 23:00:00,62268.86,45.79486
2024-03-19 23:01:00,62276.0,61.36163
2024-03-19 23:02:00,62418.7,57.39538
2024-03-19 23:03:00,62513.77,58.49493
2024-03-19 23:04:00,62526.08,42.76233
2024-03-19 23:05:00,62524.02,47.3415
2024-03-19 23:06:00,62542.58,67.90855
2024-03-19 23:07:00,62656.8,69.65034
2024-03-19 23:08:00,62513.03,62.6489
2024-03-19 23:09:00,62615.05,74.77234
2024-03-19 23:10:00,62709.99,72.14588
2024-03-19 23:11:00,62797.4,98.55248
2024-03-19 23:12:00,62790.0,75.37728
2024-03-19 23:13:00,62727.68,56.37138
2024-03-19 23:14:00,62799.99,44.90031
2024-03-19 23:15:00,62708.0,53.77581
2024-03-19 23:16:00,62742.63,48.39917
2024-03-19 23:17:00,62795.62,31.66969
2024-03-19 23:18:00,62833.33,82.2731
2024-03-19 23:19:00,62886.2,32.90395
2024-03-19 23:20:00,62880.0,35.98016
2024-03-19 23:21:00,62821.89,50.86191
2024-03-19 23:22:00,62722.17,40.16543
2024-03-19 23:23:00,62810.14,49.49883
2024-03-19 23:24:00,62773.83,21.17078
2024-03-19 23:25:00,62887.99,65.97781
2024-03-19 23:26:00,62816.34,31.90133
2024-03-19 23:27:00,62820.24,23.92629
2024-03-19 23:28:00,62912.96,48.88394
2024-03-19 23:29:00,62992.01,89.44471
2024-03-19 23:30:00,62847.81,67.8093
2024-03-19 23:31:00,62731.13,74.41982
2024-03-19 23:32:00,62805.73,37.43449
2024-03-19 23:33:00,62809.96,46.08801
2024-03-19 23:34:00,62848.0,44.18762
2024-03-19 23:35:00,62828.0,57.82157
2024-03-19 23:36:00,62852.0,21.52566
2024-03-19 23:37:00,62796.09,36.67121
2024-03-19 23:38:00,62806.53,25.46682
2024-03-19 23:39:00,62905.52,38.40717
2024-03-19 23:40:00,62812.0,27.46348
2024-03-19 23:41:00,62761.77,44.25392
2024-03-19 23:42:00,62899.34,47.15172
2024-03-19 23:43:00,62907.99,22.01408
2024-03-19 23:44:00,62871.22,40.49008
2024-03-19 23:45:00,62901.09,30.19331
2024-03-19 23:46:00,62941.1,56.62702
2024-03-19 23:47:00,62911.79,30.60218
2024-03-19 23:48:00,62939.01,33.95379
2024-03-19 23:49:00,62988.98,41.60081
2024-03-19 23:50:00,62944.21,23.07626
2024-03-19 23:51:00,62861.2,27.88281
2024-03-19 23:52:00,62825.75,37.00285
2024-03-19 23:53:00,62823.99,28.00483
2024-03-19 23:54:00,62789.83,42.80093
2024-03-19 23:55:00,62730.95,49.72544
2024-03-19 23:56:00,62772.01,40.96821
2024-03-19 23:57:00,62788.62,23.87355
2024-03-19 23:58:00,62837.03,35.20878
2024-03-19 23:59:00,62881.4,35.5111
2024-03-20 00:00:00,62941.09,47.03003
2024-03-20 00:01:00,62969.79,49.60539
2024-03-20 00:02:00,62960.38,27.44542
2024-03-20 00:03:00,62970.6,40.35778
2024-03-20 00:04:00,62987.88,24.4599
2024-03-20 00:05:00,63038.99,38.57161
2024-03-20 00:06:00,63096.0,51.27976
2024-03-20 00:07:00,63029.47,37.97121
2024-03-20 00:08:00,62981.11,42.20224
2024-03-20 00:09:00,62943.05,43.31992
2024-03-20 00:10:00,62899.98,21.90281
2024-03-20 00:11:00,62887.11,15.00055
2024-03-20 00:12:00,62855.12,22.96316
2024-03-20 00:13:00,62876.0,47.23402
2024-03-20 00:14:00,62852.08,22.17849
2024-03-20 00:15:00,62840.32,36.88524
2024-03-20 00:16:00,62892.6,35.66188
2024-03-20 00:17:00,62975.81,38.76449
2024-03-20 00:18:00,63047.69,30.62036
2024-03-20 00:19:00,63064.4,28.14573
2024-03-20 00:20:00,63192.3,49.14673
2024-03-20 00:21:00,63204.89,85.37621
2024-03-20 00:22:00,63224.0,28.40714
2024-03-20 00:23:00,63299.01,64.85076
2024-03-20 00:24:00,63324.35,75.19455
2024-03-20 00:25:00,63399.79,71.64378
2024-03-20 00:26:00,63319.79,53.23575
2024-03-20 00:27:00,63311.24,45.30711
2024-03-20 00:28:00,63314.93,26.50919
2024-03-20 00:29:00,63382.21,21.87845
2024-03-20 00:30:00,63234.01,73.70041
2024-03-20 00:31:00,63255.16,33.38456
2024-03-20 00:32:00,63249.26,27.83747
2024-03-20 00:33:00,63247.51,12.77855
2024-03-20 00:34:00,63216.13,23.38889
2024-03-20 00:35:00,63175.79,9.06568
2024-03-20 00:36:00,63199.2,21.14498
2024-03-20 00:37:00,63204.59,31.14675
2024-03-20 00:38:00,63245.49,37.68095
2024-03-20 00:39:00,63172.15,26.90559
2024-03-20 00:40:00,63118.14,16.84245
2024-03-20 00:41:00,63141.1,25.09862
2024-03-20 00:42:00,63092.41,19.77756
2024-03-20 00:43:00,63051.89,29.76932
2024-03-20 00:44:00,62676.94,146.5869
2024-03-20 00:45:00,62830.2,52.98664
2024-03-20 00:46:00,62618.47,89.12859
2024-03-20 00:47:00,62570.56,103.53725
2024-03-20 00:48:00,62441.1,138.08812
2024-03-20 00:49:00,62390.01,64.40733
2024-03-20 00:50:00,62382.81,61.31565
2024-03-20 00:51:00,62400.01,56.3754
2024-03-20 00:52:00,62330.66,46.53108
2024-03-20 00:53:00,62387.6,81.67082
2024-03-20 00:54:00,62287.8,56.08891
2024-03-20 00:55:00,61903.75,208.09111
2024-03-20 00:56:00,62137.91,273.70069
2024-03-20 00:57:00,61763.1,281.39222
2024-03-20 00:58:00,61733.5,162.80238
2024-03-20 00:59:00,61860.81,133.10533
2024-03-20 01:00:00,61978.07,163.76444
2024-03-20 01:01:00,62083.05,87.08802
2024-03-20 01:02:00,62084.24,87.26515
2024-03-20 01:03:00,62022.91,64.89907
2024-03-20 01:04:00,61955.44,119.6108
2024-03-20 01:05:00,61884.12,109.67293
2024-03-20 01:06:00,61829.99,125.82166
2024-03-20 01:07:00,61737.66,124.58126
2024-03-20 01:08:00,62036.46,116.26638
2024-03-20 01:09:00,62221.36,94.49767
2024-03-20 01:10:00,62141.1,89.83429
2024-03-20 01:11:00,62180.22,65.56033
2024-03-20 01:12:00,62188.07,77.61052
2024-03-20 01:13:00,62254.57,42.26063
2024-03-20 01:14:00,62296.37,51.4659
2024-03-20 01:15:00,62238.67,37.00466
2024-03-20 01:16:00,62244.35,35.46198
2024-03-20 01:17:00,62270.0,52.9822
2024-03-20 01:18:00,62209.33,31.53066
2024-03-20 01:19:00,62221.35,34.17605
2024-03-20 01:20:00,62214.07,38.12123
2024-03-20 01:21:00,62166.26,46.26077
2024-03-20 01:22:00,61980.41,71.79798
2024-03-20 01:23:00,61952.97,72.45584
2024-03-20 01:24:00,61816.48,101.48245
2024-03-20 01:25:00,61915.02,76.20027
2024-03-20 01:26:00,61895.34,46.12656
2024-03-20 01:27:00,61781.41,78.18233
2024-03-20 01:28:00,61745.58,55.50039
2024-03-20 01:29:00,61829.27,96.6544
2024-03-20 01:30:00,61671.93,145.78927
2024-03-20 01:31:00,61762.93,169.27525
2024-03-20 01:32:00,61649.84,76.44829
2024-03-20 01:33:00,61517.82,122.67678
2024-03-20 01:34:00,61399.99,356.14531
2024-03-20 01:35:00,61396.82,190.88579
2024-03-20 01:36:00,61227.88,240.4093
2024-03-20 01:37:00,61332.98,132.41329
2024-03-20 01:38:00,61256.53,172.72429
2024-03-20 01:39:00,61350.0,102.54139
2024-03-20 01:40:00,61374.69,73.67645
2024-03-20 01:41:00,61410.53,74.11793
2024-03-20 01:42:00,61458.64,47.09905
2024-03-20 01:43:00,61416.44,76.53532
2024-03-20 01:44:00,61320.3,57.50473
2024-03-20 01:45:00,61367.59,69.75323
2024-03-20 01:46:00,61405.27,82.5906
2024-03-20 01:47:00,61387.91,88.64558
2024-03-20 01:48:00,61492.62,43.69631
2024-03-20 01:49:00,61601.11,52.56924
2024-03-20 01:50:00,61526.8,53.92554
2024-03-20 01:51:00,61450.94,46.43854
2024-03-20 01:52:00,61550.0,51.05145
2024-03-20 01:53:00,61588.14,57.12974
2024-03-20 01:54:00,61576.26,43.55458
2024-03-20 01:55:00,61690.0,58.03978
2024-03-20 01:56:00,61651.87,33.06355
2024-03-20 01:57:00,61626.36,41.18787
2024-03-20 01:58:00,61663.63,25.62374
2024-03-20 01:59:00,61646.91,47.8564
2024-03-20 02:00:00,61699.12,46.30394
2024-03-20 02:01:00,61758.67,57.07977
2024-03-20 02:02:00,61773.2,58.89697
2024-03-20 02:03:00,61700.0,65.85442
2024-03-20 02:04:00,61572.98,49.38589
2024-03-20 02:05:00,61498.81,45.20566
2024-03-20 02:06:00,61441.13,63.6443
2024-03-20 02:07:00,61384.14,75.43505
2024-03-20 02:08:00,61272.95,67.53271
2024-03-20 02:09:00,61300.0,86.33361
2024-03-20 02:10:00,61410.99,81.42258
2024-03-20 02:11:00,61241.09,87.15063
2024-03-20 02:12:00,61073.83,216.39176
2024-03-20 02:13:00,61169.06,80.42023
2024-03-20 02:14:00,61247.98,82.64579
2024-03-20 02:15:00,61216.31,84.21587
2024-03-20 02:16:00,61132.74,85.72127
2024-03-20 02:17:00,61174.48,81.42045
2024-03-20 02:18:00,61269.99,71.90231
2024-03-20 02:19:00,61382.46,97.22903
2024-03-20 02:20:00,61310.01,53.69578
2024-03-20 02:21:00,61231.03,55.87039
2024-03-20 02:22:00,61160.01,57.53634
2024-03-20 02:23:00,60941.09,376.34875
2024-03-20 02:24:00,60965.69,142.09026
2024-03-20 02:25:00,60896.61,118.17121
2024-03-20 02:26:00,60880.27,158.17418
2024-03-20 02:27:00,60991.9,129.56774
2024-03-20 02:28:00,60918.3,74.55868
2024-03-20 02:29:00,60983.95,81.27935
2024-03-20 02:30:00,60962.28,60.23807
2024-03-20 02:31:00,60949.53,78.70383
2024-03-20 02:32:00,60861.11,86.90294
2024-03-20 02:33:00,60988.97,137.05009
2024-03-20 02:34:00,61200.0,105.7079
2024-03-20 02:35:00,61191.1,62.84531
2024-03-20 02:36:00,61240.8,94.36884
2024-03-20 02:37:00,61395.37,88.6458
2024-03-20 02:38:00,61346.1,80.26521
2024-03-20 02:39:00,61350.01,70.25518
2024-03-20 02:40:00,61357.7,45.70098
2024-03-20 02:41:00,61416.65,55.67687
2024-03-20 02:42:00,61392.4,32.06325
2024-03-20 02:43:00,61463.16,41.97733
2024-03-20 02:44:00,61483.87,95.3721
2024-03-20 02:45:00,61408.43,70.3619
2024-03-20 02:46:00,61291.9,68.32786
2024-03-20 02:47:00,61281.12,45.75317
2024-03-20 02:48:00,61380.33,35.14449
2024-03-20 02:49:00,61394.09,26.53803
2024-03-20 02:50:00,61441.11,88.48259
2024-03-20 02:51:00,61381.33,26.64252
2024-03-20 02:52:00,61346.52,28.67436
2024-03-20 02:53:00,61449.34,32.99589
2024-03-20 02:54:00,61425.48,23.5399
2024-03-20 02:55:00,61520.14,37.01782
2024-03-20 02:56:00,61655.56,79.02081
2024-03-20 02:57:00,61593.07,97.23941
2024-03-20 02:58:00,61550.06,66.06928
2024-03-20 02:59:00,61549.53,38.30817
2024-03-20 03:00:00,61596.35,61.56521
2024-03-20 03:01:00,61621.11,49.20629
2024-03-20 03:02:00,61718.86,46.22658
2024-03-20 03:03:00,61632.39,98.68582
2024-03-20 03:04:00,61576.25,36.58759
2024-03-20 03:05:00,61695.66,25.233
2024-03-20 03:06:00,61646.89,52.22211
2024-03-20 03:07:00,61571.0,31.64525
2024-03-20 03:08:00,61640.83,21.28587
2024-03-20 03:09:00,61700.24,35.33469
2024-03-20 03:10:00,61676.02,28.13268
2024-03-20 03:11:00,61820.6,43.19978
2024-03-20 03:12:00,61701.1,72.54514
2024-03-20 03:13:00,61830.89,40.09741
2024-03-20 03:14:00,61803.49,45.9479
2024-03-20 03:15:00,61878.93,78.68949
2024-03-20 03:16:00,61732.08,71.23985
2024-03-20 03:17:00,61663.53,33.42188
2024-03-20 03:18:00,61757.22,45.26148
2024-03-20 03:19:00,61710.0,19.94168
2024-03-20 03:20:00,61809.99,54.82418
2024-03-20 03:21:00,61798.02,47.1253
2024-03-20 03:22:00,61736.67,33.33832
2024-03-20 03:23:00,61853.58,39.98667
2024-03-20 03:24:00,61806.83,47.8542
2024-03-20 03:25:00,61856.41,33.90559
2024-03-20 03:26:00,61835.78,33.52198
2024-03-20 03:27:00,61876.96,28.30311
2024-03-20 03:28:00,61855.51,42.43607
2024-03-20 03:29:00,61987.09,55.57779
2024-03-20 03:30:00,62008.24,78.53194
2024-03-20 03:31:00,61910.0,36.00337
2024-03-20 03:32:00,61878.77,26.74239
2024-03-20 03:33:00,61867.2,31.16663
2024-03-20 03:34:00,61864.18,21.26778
2024-03-20 03:35:00,61900.92,32.65703
2024-03-20 03:36:00,61857.33,29.05793
2024-03-20 03:37:00,61761.1,49.3321
2024-03-20 03:38:00,61713.47,29.64069
2024-03-20 03:39:00,61788.83,110.19816
2024-03-20 03:40:00,61856.14,29.45683
2024-03-20 03:41:00,61900.0,33.10834
2024-03-20 03:42:00,61973.67,37.4901
2024-03-20 03:43:00,61914.61,31.33202
2024-03-20 03:44:00,61895.25,31.60535
2024-03-20 03:45:00,61939.97,20.89981
2024-03-20 03:46:00,61901.61,24.56042
2024-03-20 03:47:00,61806.66,42.78884
2024-03-20 03:48:00,61790.88,39.87545
2024-03-20 03:49:00,61865.84,21.8042
2024-03-20 03:50:00,61901.26,18.09576
2024-03-20 03:51:00,61921.09,24.44703
2024-03-20 03:52:00,61973.18,50.97348
2024-03-20 03:53:00,61857.17,50.43287
2024-03-20 03:54:00,61865.33,37.70247
2024-03-20 03:55:00,61806.7,56.78416
2024-03-20 03:56:00,61778.17,62.53682
2024-03-20 03:57:00,61749.97,52.76075
2024-03-20 03:58:00,61779.63,63.51654
2024-03-20 03:59:00,61749.99,54.46233
2024-03-20 04:00:00,61783.28,68.22584
2024-03-20 04:01:00,61750.8,42.54803
2024-03-20 04:02:00,61865.81,53.5979
2024-03-20 04:03:00,61881.85,31.81077
2024-03-20 04:04:00,61901.09,66.30845
2024-03-20 04:05:00,62061.1,118.66501
2024-03-20 04:06:00,62158.91,94.19825
2024-03-20 04:07:00,62261.1,104.39187
2024-03-20 04:08:00,62174.79,109.45975
2024-03-20 04:09:00,62063.53,79.40136
2024-03-20 04:10:00,62054.22,54.28281
2024-03-20 04:11:00,62182.48,49.56502
2024-03-20 04:12:00,62161.09,30.3837
2024-03-20 04:13:00,62180.19,26.65671
2024-03-20 04:14:00,62164.23,21.9261
2024-03-20 04:15:00,62107.6,32.79358
2024-03-20 04:16:00,62103.18,26.19378
2024-03-20 04:17:00,62240.0,31.89902
2024-03-20 04:18:00,62301.22,40.31069
2024-03-20 04:19:00,62274.98,63.88576
2024-03-20 04:20:00,62270.99,26.91783
2024-03-20 04:21:00,62261.23,29.77989
2024-03-20 04:22:00,62329.95,24.60142
2024-03-20 04:23:00,62320.39,54.68253
2024-03-20 04:24:00,62426.66,27.15077
2024-03-20 04:25:00,62593.83,98.8998
2024-03-20 04:26:00,62611.85,86.21375
2024-03-20 04:27:00,62634.12,57.33642
2024-03-20 04:28:00,62721.98,51.20676
2024-03-20 04:29:00,62621.1,44.34632
2024-03-20 04:30:00,62532.99,129.30573
2024-03-20 04:31:00,62465.15,82.52993
2024-03-20 04:32:00,62593.22,88.51179
2024-03-20 04:33:00,62671.55,115.7966
2024-03-20 04:34:00,62644.78,89.89013
2024-03-20 04:35:00,62629.3,68.89352
2024-03-20 04:36:00,62612.26,143.65709
2024-03-20 04:37:00,62513.1,34.45313
2024-03-20 04:38:00,62547.42,34.60983
2024-03-20 04:39:00,62594.24,59.20679
2024-03-20 04:40:00,62693.61,42.78025
2024-03-20 04:41:00,62743.78,71.20081
2024-03-20 04:42:00,62864.28,64.11879
2024-03-20 04:43:00,62943.12,73.71044
2024-03-20 04:44:00,62943.0,174.92022
2024-03-20 04:45:00,62910.0,62.05248
2024-03-20 04:46:00,62795.07,80.52575
2024-03-20 04:47:00,62750.01,39.08391
2024-03-20 04:48:00,62791.28,46.49045
2024-03-20 04:49:00,62821.09,77.2986
2024-03-20 04:50:00,62832.12,52.21761
2024-03-20 04:51:00,62893.91,44.74141
2024-03-20 04:52:00,62916.55,62.14933
2024-03-20 04:53:00,63008.87,75.2339
2024-03-20 04:54:00,63035.54,64.61869
2024-03-20 04:55:00,63145.24,137.1916
2024-03-20 04:56:00,63110.0,149.85046
2024-03-20 04:57:00,63064.23,39.23194
2024-03-20 04:58:00,63015.62,70.64131
2024-03-20 04:59:00,62957.85,41.09839
2024-03-20 05:00:00,62909.96,73.03085
2024-03-20 05:01:00,62872.22,53.29118
2024-03-20 05:02:00,62881.1,37.06281
2024-03-20 05:03:00,62839.6,60.96137
2024-03-20 05:04:00,62781.09,99.336
2024-03-20 05:05:00,62711.51,55.21808
2024-03-20 05:06:00,62753.37,25.08833
2024-03-20 05:07:00,62841.08,25.09072
2024-03-20 05:08:00,62837.16,45.41696
2024-03-20 05:09:00,62870.41,21.67617
2024-03-20 05:10:00,62927.95,31.86545
2024-03-20 05:11:00,63180.32,106.07915
2024-03-20 05:12:00,63100.02,80.95692
2024-03-20 05:13:00,62891.05,67.25779
2024-03-20 05:14:00,62985.42,114.11119
2024-03-20 05:15:00,62917.0,40.33325
2024-03-20 05:16:00,62979.62,68.28202
2024-03-20 05:17:00,63066.13,59.68448
2024-03-20 05:18:00,63032.1,51.96507
2024-03-20 05:19:00,63094.28,60.76625
2024-03-20 05:20:00,63123.64,52.07265
2024-03-20 05:21:00,63106.48,53.24751
2024-03-20 05:22:00,63193.11,73.41197
2024-03-20 05:23:00,63172.49,89.10639
2024-03-20 05:24:00,63087.44,36.28801
2024-03-20 05:25:00,63033.11,34.0203
2024-03-20 05:26:00,62960.01,27.8791
2024-03-20 05:27:00,63041.11,49.65624
2024-03-20 05:28:00,63021.7,23.72352
2024-03-20 05:29:00,63001.11,24.42622
2024-03-20 05:30:00,62980.44,34.7729
2024-03-20 05:31:00,63102.01,45.33005
2024-03-20 05:32:00,63179.0,27.76134
2024-03-20 05:33:00,63265.3,65.96128
2024-03-20 05:34:00,63221.11,42.32051
2024-03-20 05:35:00,63075.44,37.26521
2024-03-20 05:36:00,62933.97,99.76373
2024-03-20 05:37:00,62899.99,54.75012
2024-03-20 05:38:00,62853.33,51.98495
2024-03-20 05:39:00,62830.72,113.31679
2024-03-20 05:40:00,62798.66,62.95406
2024-03-20 05:41:00,62754.0,64.14441
2024-03-20 05:42:00,62795.96,80.59454
2024-03-20 05:43:00,62775.2,73.68631
2024-03-20 05:44:00,62796.01,51.49754
2024-03-20 05:45:00,62833.99,66.45961
2024-03-20 05:46:00,62922.19,41.05323
2024-03-20 05:47:00,63008.54,32.49238
2024-03-20 05:48:00,63060.91,113.49014
2024-03-20 05:49:00,62950.11,51.40712
2024-03-20 05:50:00,62899.32,53.48042
2024-03-20 05:51:00,62887.49,68.72862
2024-03-20 05:52:00,62820.71,46.50885
2024-03-20 05:53:00,62814.01,43.98161
2024-03-20 05:54:00,62877.83,45.99932
2024-03-20 05:55:00,62815.46,35.38492
2024-03-20 05:56:00,62766.66,45.74462
2024-03-20 05:57:00,62732.92,80.09224
2024-03-20 05:58:00,62731.13,35.93793
2024-03-20 05:59:00,62684.71,84.66887
2024-03-20 06:00:00,62685.42,89.42759
2024-03-20 06:01:00,62869.33,76.77504
2024-03-20 06:02:00,62815.87,43.58006
2024-03-20 06:03:00,62807.21,21.64879
2024-03-20 06:04:00,62896.57,49.96696
2024-03-20 06:05:00,62906.0,61.58483
2024-03-20 06:06:00,62980.01,60.81355
2024-03-20 06:07:00,62812.5,46.48938
2024-03-20 06:08:00,62863.19,36.87666
2024-03-20 06:09:00,62802.13,37.99437
2024-03-20 06:10:00,62762.0,51.30088
2024-03-20 06:11:00,62721.11,54.81889
2024-03-20 06:12:00,62735.72,34.23611
2024-03-20 06:13:00,62760.0,53.18476
2024-03-20 06:14:00,62721.24,33.98025
2024-03-20 06:15:00,62829.99,36.46721
2024-03-20 06:16:00,62798.69,29.76493
2024-03-20 06:17:00,62865.87,19.03274
2024-03-20 06:18:00,62841.09,15.73491
2024-03-20 06:19:00,62860.0,25.81136
2024-03-20 06:20:00,63045.04,101.31606
2024-03-20 06:21:00,63209.0,124.42925
2024-03-20 06:22:00,63176.36,104.46741
2024-03-20 06:23:00,63135.9,44.98101
2024-03-20 06:24:00,63174.85,37.45203
2024-03-20 06:25:00,63041.11,37.60779
2024-03-20 06:26:00,63047.23,20.92629
2024-03-20 06:27:00,63226.96,48.59605
2024-03-20 06:28:00,63129.6,42.05662
2024-03-20 06:29:00,63102.53,19.67873
2024-03-20 06:30:00,63094.18,40.56578
2024-03-20 06:31:00,63084.5,29.4922
2024-03-20 06:32:00,63226.87,120.54851
2024-03-20 06:33:00,63198.43,56.16384
2024-03-20 06:34:00,63112.91,48.02947
2024-03-20 06:35:00,63223.71,42.91751
2024-03-20 06:36:00,63247.68,63.20921
2024-03-20 06:37:00,63227.47,48.25035
2024-03-20 06:38:00,63155.2,30.56455
2024-03-20 06:39:00,63175.0,24.35502
2024-03-20 06:40:00,63095.55,35.46713
2024-03-20 06:41:00,63141.09,28.9521
2024-03-20 06:42:00,63217.79,35.09831
2024-03-20 06:43:00,63194.49,32.86436
2024-03-20 06:44:00,63121.1,18.50472
2024-03-20 06:45:00,63145.9,29.80679
2024-03-20 06:46:00,63285.69,131.2858
2024-03-20 06:47:00,63144.9,34.29191
2024-03-20 06:48:00,63110.88,24.85663
2024-03-20 06:49:00,63043.93,85.60404
2024-03-20 06:50:00,63095.05,24.85324
2024-03-20 06:51:00,63067.19,20.98125
2024-03-20 06:52:00,63137.52,14.82637
2024-03-20 06:53:00,63111.64,38.22737
2024-03-20 06:54:00,63121.89,49.77255
2024-03-20 06:55:00,63147.2,20.39642
2024-03-20 06:56:00,63150.0,29.75031
2024-03-20 06:57:00,63167.6,21.24901
2024-03-20 06:58:00,63202.4,30.40311
2024-03-20 06:59:00,63215.9,27.67372
2024-03-20 07:00:00,63157.58,18.23736
2024-03-20 07:01:00,63112.01,43.64256
2024-03-20 07:02:00,63045.05,46.22074
2024-03-20 07:03:00,63150.0,51.81035
2024-03-20 07:04:00,63121.11,53.80111
2024-03-20 07:05:00,63185.33,27.70578
2024-03-20 07:06:00,63178.32,14.20022
2024-03-20 07:07:00,63179.51,19.86159
2024-03-20 07:08:00,63069.87,44.26666
2024-03-20 07:09:00,63083.77,40.46586
2024-03-20 07:10:00,63069.99,26.06829
2024-03-20 07:11:00,63026.01,35.04295
2024-03-20 07:12:00,63046.83,30.93604
2024-03-20 07:13:00,63077.34,15.7379
2024-03-20 07:14:00,63034.29,22.24149
2024-03-20 07:15:00,63063.18,49.28917
2024-03-20 07:16:00,63041.11,32.33184
2024-03-20 07:17:00,63059.06,15.64393
2024-03-20 07:18:00,62942.18,26.53523
2024-03-20 07:19:00,62924.5,37.81814
2024-03-20 07:20:00,62899.8,65.6374
2024-03-20 07:21:00,62886.44,31.7151
2024-03-20 07:22:00,62968.4,20.60694
2024-03-20 07:23:00,62954.76,17.57867
2024-03-20 07:24:00,62973.65,15.46163
2024-03-20 07:25:00,63091.46,27.22188
2024-03-20 07:26:00,63172.41,31.24999
2024-03-20 07:27:00,63187.28,25.70082
2024-03-20 07:28:00,63210.2,67.81556
2024-03-20 07:29:00,63256.03,39.94862
2024-03-20 07:30:00,63197.47,66.92526
2024-03-20 07:31:00,63169.95,17.55754
2024-03-20 07:32:00,63161.97,123.04333
2024-03-20 07:33:00,63141.1,59.3023
2024-03-20 07:34:00,63214.89,32.51973
2024-03-20 07:35:00,63230.0,29.94475
2024-03-20 07:36:00,63160.73,22.75862
2024-03-20 07:37:00,63105.04,10.87969
2024-03-20 07:38:00,63071.43,15.86961
2024-03-20 07:39:00,63070.0,6.31617
2024-03-20 07:40:00,62985.34,17.36358
2024-03-20 07:41:00,62945.45,26.92155
2024-03-20 07:42:00,62959.19,15.06007
2024-03-20 07:43:00,62924.71,21.91718
2024-03-20 07:44:00,62919.01,12.29289
2024-03-20 07:45:00,63001.09,117.84106
2024-03-20 07:46:00,63041.1,15.67352
2024-03-20 07:47:00,63041.82,23.0272
2024-03-20 07:48:00,63015.21,17.2694
2024-03-20 07:49:00,62979.37,18.19806
2024-03-20 07:50:00,63006.75,17.24892
2024-03-20 07:51:00,62948.23,15.03008
2024-03-20 07:52:00,63020.0,10.07317
2024-03-20 07:53:00,63030.57,15.08596
2024-03-20 07:54:00,63065.72,20.64552
2024-03-20 07:55:00,62985.28,18.75
2024-03-20 07:56:00,63030.29,13.58386
2024-03-20 07:57:00,62962.29,25.94065
2024-03-20 07:58:00,62998.29,17.87743
2024-03-20 07:59:00,63041.1,13.93304
2024-03-20 08:00:00,63000.29,41.73616
2024-03-20 08:01:00,62982.38,12.51787
2024-03-20 08:02:00,63049.3,27.01475
2024-03-20 08:03:00,63023.58,18.22787
2024-03-20 08:04:00,63060.01,29.2731
2024-03-20 08:05:00,63080.77,28.59321
2024-03-20 08:06:00,63072.21,67.516
2024-03-20 08:07:00,63149.99,113.46196
2024-03-20 08:08:00,63079.66,66.25111
2024-03-20 08:09:00,63046.6,14.00855
2024-03-20 08:10:00,62974.78,22.28657
2024-03-20 08:11:00,63097.21,34.41561
2024-03-20 08:12:00,63115.39,19.8911
2024-03-20 08:13:00,63134.65,38.24373
2024-03-20 08:14:00,63143.93,26.38051
2024-03-20 08:15:00,63160.16,32.40962
2024-03-20 08:16:00,63110.02,38.30883
2024-03-20 08:17:00,63130.24,32.54047
2024-03-20 08:18:00,63195.69,30.38069
2024-03-20 08:19:00,63221.1,39.37436
2024-03-20 08:20:00,63237.29,33.57682
2024-03-20 08:21:00,63299.99,47.30869
2024-03-20 08:22:00,63405.68,76.06845
2024-03-20 08:23:00,63332.15,42.89291
2024-03-20 08:24:00,63397.33,30.43592
2024-03-20 08:25:00,63530.04,141.86516
2024-03-20 08:26:00,63612.14,108.61761
2024-03-20 08:27:00,63704.59,140.77781
2024-03-20 08:28:00,63812.22,73.30037
2024-03-20 08:29:00,63831.66,139.60095
2024-03-20 08:30:00,63800.01,115.44764
2024-03-20 08:31:00,63653.18,120.12663
2024-03-20 08:32:00,63623.63,70.80987
2024-03-20 08:33:00,63737.95,102.2241
2024-03-20 08:34:00,63709.14,31.50869
2024-03-20 08:35:00,63681.11,41.95038
2024-03-20 08:36:00,63818.17,36.97836
2024-03-20 08:37:00,63732.63,42.6272
2024-03-20 08:38:00,63692.68,42.51956
2024-03-20 08:39:00,63600.01,23.36279
2024-03-20 08:40:00,63584.6,36.91739
2024-03-20 08:41:00,63546.48,57.65051
2024-03-20 08:42:00,63430.26,37.40526
2024-03-20 08:43:00,63477.25,38.75776
2024-03-20 08:44:00,63451.85,23.43241
2024-03-20 08:45:00,63352.67,71.03916
2024-03-20 08:46:00,63193.45,125.36855
2024-03-20 08:47:00,63179.2,92.34827
2024-03-20 08:48:00,63196.31,61.52716
2024-03-20 08:49:00,63201.63,41.30585
2024-03-20 08:50:00,63202.24,37.52297
2024-03-20 08:51:00,63225.51,23.37846
2024-03-20 08:52:00,63289.12,37.10119
2024-03-20 08:53:00,63326.48,43.55073
2024-03-20 08:54:00,63317.47,33.47066
2024-03-20 08:55:00,63361.11,45.47721
2024-03-20 08:56:00,63342.13,37.33119
2024-03-20 08:57:00,63284.12,78.58325
2024-03-20 08:58:00,63384.16,30.52272
2024-03-20 08:59:00,63392.94,27.8875
2024-03-20 09:00:00,63381.79,51.88949
2024-03-20 09:01:00,63335.59,55.83603
2024-03-20 09:02:00,63238.63,48.0368
2024-03-20 09:03:00,63202.59,46.03996
2024-03-20 09:04:00,63315.81,73.04416
2024-03-20 09:05:00,63479.98,60.58303
2024-03-20 09:06:00,63586.2,71.31249
2024-03-20 09:07:00,63849.96,155.22856
2024-03-20 09:08:00,63769.54,67.59232
2024-03-20 09:09:00,63661.11,59.04492
2024-03-20 09:10:00,63654.66,50.8318
2024-03-20 09:11:00,63830.0,147.29762
2024-03-20 09:12:00,63763.27,64.97022
2024-03-20 09:13:00,63761.92,38.39838
2024-03-20 09:14:00,63787.66,35.45406
2024-03-20 09:15:00,63760.55,51.86371
2024-03-20 09:16:00,63809.88,53.38611
2024-03-20 09:17:00,63887.64,59.11053
2024-03-20 09:18:00,63977.43,109.10532
2024-03-20 09:19:00,63949.23,129.55729
2024-03-20 09:20:00,63789.0,63.4909
2024-03-20 09:21:00,63899.51,75.3531
2024-03-20 09:22:00,64099.99,97.05338
2024-03-20 09:23:00,64105.59,114.05733
2024-03-20 09:24:00,64294.67,120.1297
2024-03-20 09:25:00,64301.1,131.30039
2024-03-20 09:26:00,64206.7,96.36217
2024-03-20 09:27:00,64155.01,73.52888
2024-03-20 09:28:00,64030.32,83.45561
2024-03-20 09:29:00,64014.91,52.9662
2024-03-20 09:30:00,64031.43,58.9351
2024-03-20 09:31:00,64064.9,48.93161
2024-03-20 09:32:00,64177.24,55.86225
2024-03-20 09:33:00,64148.33,38.41343
2024-03-20 09:34:00,64106.97,46.27118
2024-03-20 09:35:00,64144.14,68.6234
2024-03-20 09:36:00,64010.43,63.79992
2024-03-20 09:37:00,63896.66,79.46275
2024-03-20 09:38:00,63979.99,33.68156
2024-03-20 09:39:00,63900.0,42.79882
2024-03-20 09:40:00,63917.1,36.04097
2024-03-20 09:41:00,63909.54,55.54368
2024-03-20 09:42:00,64015.86,47.35281
2024-03-20 09:43:00,64063.24,49.50957
2024-03-20 09:44:00,64014.93,87.50577
2024-03-20 09:45:00,63925.3,39.30022
2024-03-20 09:46:00,63922.59,35.90893
2024-03-20 09:47:00,64067.38,60.328
2024-03-20 09:48:00,63973.96,27.70771
2024-03-20 09:49:00,63911.21,57.57236
2024-03-20 09:50:00,63948.43,33.0723
2024-03-20 09:51:00,63828.59,38.85008
2024-03-20 09:52:00,63841.56,66.09472
2024-03-20 09:53:00,63831.62,33.26517
2024-03-20 09:54:00,63940.0,26.40125
2024-03-20 09:55:00,63972.09,31.80432
2024-03-20 09:56:00,63881.09,33.70748
2024-03-20 09:57:00,63839.99,44.3798
2024-03-20 09:58:00,63935.52,56.06731
2024-03-20 09:59:00,64056.07,72.67274
2024-03-20 10:00:00,63977.0,40.49373
2024-03-20 10:01:00,63915.58,41.50474
2024-03-20 10:02:00,63857.77,31.65795
2024-03-20 10:03:00,63845.7,63.19854
2024-03-20 10:04:00,63765.93,47.60919
2024-03-20 10:05:00,63767.64,29.93099
2024-03-20 10:06:00,63810.01,32.30238
2024-03-20 10:07:00,63736.38,70.75428
2024-03-20 10:08:00,63758.44,53.76002
2024-03-20 10:09:00,63740.76,69.04917
2024-03-20 10:10:00,63750.0,44.68564
2024-03-20 10:11:00,63696.47,60.05344
2024-03-20 10:12:00,63584.45,112.89626
2024-03-20 10:13:00,63597.21,67.6236
2024-03-20 10:14:00,63554.39,48.85754
2024-03-20 10:15:00,63635.47,50.17335
2024-03-20 10:16:00,63670.11,43.05876
2024-03-20 10:17:00,63696.22,32.42673
2024-03-20 10:18:00,63564.41,46.72184
2024-03-20 10:19:00,63531.08,58.86893
2024-03-20 10:20:00,63606.0,28.76459
2024-03-20 10:21:00,63601.1,32.28477
2024-03-20 10:22:00,63641.29,31.76465
2024-03-20 10:23:00,63575.0,29.51949
2024-03-20 10:24:00,63627.6,22.12973
2024-03-20 10:25:00,63641.21,28.01271
2024-03-20 10:26:00,63610.0,26.0893
2024-03-20 10:27:00,63580.01,27.02537
2024-03-20 10:28:00,63430.01,44.66624
2024-03-20 10:29:00,63436.3,39.26383
2024-03-20 10:30:00,63355.82,77.71754
2024-03-20 10:31:00,63234.35,74.71001
2024-03-20 10:32:00,63086.13,100.40194
2024-03-20 10:33:00,63221.09,96.5821
2024-03-20 10:34:00,63292.48,47.9598
2024-03-20 10:35:00,63250.0,98.23361
2024-03-20 10:36:00,63455.66,72.42459
2024-03-20 10:37:00,63581.83,80.14352
2024-03-20 10:38:00,63528.96,51.80412
2024-03-20 10:39:00,63455.0,109.70899
2024-03-20 10:40:00,63549.55,73.58781
2024-03-20 10:41:00,63710.01,108.5399
2024-03-20 10:42:00,63800.0,63.32387
2024-03-20 10:43:00,63654.23,51.6228
2024-03-20 10:44:00,63603.1,33.56247
2024-03-20 10:45:00,63809.13,73.91989
2024-03-20 10:46:00,63553.29,126.31662
2024-03-20 10:47:00,63581.84,49.89246
2024-03-20 10:48:00,63518.51,31.87074
2024-03-20 10:49:00,63498.95,52.47568
2024-03-20 10:50:00,63405.78,45.29969
2024-03-20 10:51:00,63411.01,32.87407
2024-03-20 10:52:00,63421.1,31.05106
2024-03-20 10:53:00,63501.11,31.96432
2024-03-20 10:54:00,63617.31,68.74052
2024-03-20 10:55:00,63702.92,50.55807
2024-03-20 10:56:00,63642.38,56.88562
2024-03-20 10:57:00,63565.14,34.03656
2024-03-20 10:58:00,63591.26,32.3708
2024-03-20 10:59:00,63608.83,26.62199
2024-03-20 11:00:00,63526.0,36.1753
2024-03-20 11:01:00,63464.03,60.7727
2024-03-20 11:02:00,63542.73,53.49995
2024-03-20 11:03:00,63599.99,55.09253
2024-03-20 11:04:00,63642.67,43.16485
2024-03-20 11:05:00,63759.79,51.787
2024-03-20 11:06:00,63695.93,38.11686
2024-03-20 11:07:00,63867.61,42.76075
2024-03-20 11:08:00,63794.31,42.16213
2024-03-20 11:09:00,63830.75,32.81874
2024-03-20 11:10:00,63943.2,67.53279
2024-03-20 11:11:00,63701.82,66.40308
2024-03-20 11:12:00,63669.99,68.31471
2024-03-20 11:13:00,63787.86,77.04783
2024-03-20 11:14:00,63812.02,45.91167
2024-03-20 11:15:00,63947.22,43.30545
2024-03-20 11:16:00,63889.82,59.9297
2024-03-20 11:17:00,63836.87,57.5836
2024-03-20 11:18:00,63878.48,47.91665
2024-03-20 11:19:00,63909.99,85.67751
2024-03-20 11:20:00,63985.47,67.87967
2024-03-20 11:21:00,63947.23,68.11807
2024-03-20 11:22:00,63963.92,68.78171
2024-03-20 11:23:00,64032.98,78.43907
2024-03-20 11:24:00,64009.62,70.04984
2024-03-20 11:25:00,64022.51,55.67377
2024-03-20 11:26:00,64113.41,65.94497
2024-03-20 11:27:00,64117.65,75.74638
2024-03-20 11:28:00,64136.31,49.7927
2024-03-20 11:29:00,64147.37,43.16869
2024-03-20 11:30:00,64092.32,49.60927
2024-03-20 11:31:00,64157.19,48.59707
2024-03-20 11:32:00,64248.39,55.0532
2024-03-20 11:33:00,64163.44,70.70597
2024-03-20 11:34:00,64054.56,47.95073
2024-03-20 11:35:00,63974.26,81.40306
2024-03-20 11:36:00,63984.89,60.21083
2024-03-20 11:37:00,64014.68,47.12216
2024-03-20 11:38:00,64075.05,54.41731
2024-03-20 11:39:00,64113.23,59.15424
2024-03-20 11:40:00,64066.37,89.45293
2024-03-20 11:41:00,64160.21,57.77478
2024-03-20 11:42:00,64101.1,45.33814
2024-03-20 11:43:00,64015.88,50.58014
2024-03-20 11:44:00,64032.42,43.067
2024-03-20 11:45:00,63956.08,50.79854
2024-03-20 11:46:00,64075.33,57.40068
2024-03-20 11:47:00,63982.09,30.16821
2024-03-20 11:48:00,64168.78,50.11589
2024-03-20 11:49:00,64068.81,39.53166
2024-03-20 11:50:00,64096.97,29.76215
2024-03-20 11:51:00,64152.53,48.09137
2024-03-20 11:52:00,64181.48,35.65573
2024-03-20 11:53:00,64278.9,84.3671
2024-03-20 11:54:00,64239.97,218.90555
2024-03-20 11:55:00,64201.11,59.68809
2024-03-20 11:56:00,64214.89,40.51518
2024-03-20 11:57:00,64205.61,50.68503
2024-03-20 11:58:00,64278.68,48.75557
2024-03-20 11:59:00,64227.38,49.56641
2024-03-20 12:00:00,64230.0,43.50475
2024-03-20 12:01:00,64311.0,220.55577
2024-03-20 12:02:00,64200.74,173.2686
2024-03-20 12:03:00,64187.12,78.62156
2024-03-20 12:04:00,64034.74,92.03417
2024-03-20 12:05:00,64062.63,39.08014
2024-03-20 12:06:00,64035.93,60.52842
2024-03-20 12:07:00,63974.89,78.33694
2024-03-20 12:08:00,63999.66,61.63609
2024-03-20 12:09:00,64006.5,30.47366
2024-03-20 12:10:00,64029.99,18.3139
2024-03-20 12:11:00,64106.35,26.36082
2024-03-20 12:12:00,64132.79,17.28322
2024-03-20 12:13:00,64110.22,26.79383
2024-03-20 12:14:00,64136.73,29.69022
2024-03-20 12:15:00,63945.0,64.70461
2024-03-20 12:16:00,63798.61,264.90858
2024-03-20 12:17:00,63815.17,105.81343
2024-03-20 12:18:00,64000.0,114.08132
2024-03-20 12:19:00,63901.41,75.81888
2024-03-20 12:20:00,64003.16,67.15919
2024-03-20 12:21:00,64054.41,56.49169
2024-03-20 12:22:00,63994.11,84.23034
2024-03-20 12:23:00,64031.87,71.64177
2024-03-20 12:24:00,64039.99,71.1313
2024-03-20 12:25:00,64089.99,86.41703
2024-03-20 12:26:00,64081.06,58.79629
2024-03-20 12:27:00,64135.1,41.39517
2024-03-20 12:28:00,64008.77,68.77946
2024-03-20 12:29:00,63934.38,65.55608
2024-03-20 12:30:00,63956.26,55.09929
2024-03-20 12:31:00,63881.1,52.93175
2024-03-20 12:32:00,63734.0,111.94073
2024-03-20 12:33:00,63618.59,101.15902
2024-03-20 12:34:00,63681.09,95.1185
2024-03-20 12:35:00,63779.14,71.4355
2024-03-20 12:36:00,63879.99,63.49528
2024-03-20 12:37:00,63799.99,50.76719
2024-03-20 12:38:00,63832.31,60.55292
2024-03-20 12:39:00,63881.09,32.29201
2024-03-20 12:40:00,63900.13,32.6404
2024-03-20 12:41:00,63812.62,48.55623
2024-03-20 12:42:00,63684.01,52.63077
2024-03-20 12:43:00,63559.15,66.42281
2024-03-20 12:44:00,63520.81,82.39318
2024-03-20 12:45:00,63510.84,105.0954
2024-03-20 12:46:00,63538.23,145.10741
2024-03-20 12:47:00,63566.97,56.99318
2024-03-20 12:48:00,63592.13,43.51873
2024-03-20 12:49:00,63608.17,23.37476
2024-03-20 12:50:00,63674.05,36.71463
2024-03-20 12:51:00,63721.1,28.5839
2024-03-20 12:52:00,63730.0,33.25851
2024-03-20 12:53:00,63602.88,38.48249
2024-03-20 12:54:00,63489.06,74.99067
2024-03-20 12:55:00,63560.0,48.26436
2024-03-20 12:56:00,63489.99,27.2882
2024-03-20 12:57:00,63575.57,60.81608
2024-03-20 12:58:00,63666.94,36.02482
2024-03-20 12:59:00,63600.37,27.53722
2024-03-20 13:00:00,63475.64,40.1722
2024-03-20 13:01:00,63421.1,99.91234
2024-03-20 13:02:00,63491.68,81.31316
2024-03-20 13:03:00,63572.14,95.51273
2024-03-20 13:04:00,63707.9,59.07249
2024-03-20 13:05:00,63671.24,59.9871
2024-03-20 13:06:00,63604.76,62.62276
2024-03-20 13:07:00,63710.0,44.18154
2024-03-20 13:08:00,63710.99,38.24898
2024-03-20 13:09:00,63727.39,43.32873
2024-03-20 13:10:00,63749.64,50.62506
2024-03-20 13:11:00,63721.1,54.18226
2024-03-20 13:12:00,63662.03,45.01309
2024-03-20 13:13:00,63643.15,33.16139
2024-03-20 13:14:00,63696.39,21.60425
2024-03-20 13:15:00,63745.65,36.04657
2024-03-20 13:16:00,63678.91,36.21354
2024-03-20 13:17:00,63631.0,42.82297
2024-03-20 13:18:00,63530.0,54.775
2024-03-20 13:19:00,63576.96,33.88536
2024-03-20 13:20:00,63627.52,31.2973
2024-03-20 13:21:00,63437.26,43.498
2024-03-20 13:22:00,63617.39,65.71118
2024-03-20 13:23:00,63170.0,343.21246
2024-03-20 13:24:00,63161.09,171.71563
2024-03-20 13:25:00,62997.52,133.40949
2024-03-20 13:26:00,62949.99,171.71144
2024-03-20 13:27:00,62726.08,241.17506
2024-03-20 13:28:00,62398.42,261.66383
2024-03-20 13:29:00,62632.85,213.59814
2024-03-20 13:30:00,62266.02,182.47168
2024-03-20 13:31:00,62170.0,234.87912
2024-03-20 13:32:00,62136.63,176.86345
2024-03-20 13:33:00,62378.4,160.55725
2024-03-20 13:34:00,62602.11,158.25448
2024-03-20 13:35:00,62579.99,118.34869
2024-03-20 13:36:00,62799.46,159.41391
2024-03-20 13:37:00,62909.5,155.46565
2024-03-20 13:38:00,62848.96,140.88633
2024-03-20 13:39:00,62932.11,80.53917
2024-03-20 13:40:00,63118.24,84.05482
2024-03-20 13:41:00,63007.1,82.92776
2024-03-20 13:42:00,63181.42,87.00089
2024-03-20 13:43:00,63108.6,67.53219
2024-03-20 13:44:00,63075.05,58.75675
2024-03-20 13:45:00,63047.83,62.47913
2024-03-20 13:46:00,63269.47,78.59852
2024-03-20 13:47:00,63350.6,153.00133
2024-03-20 13:48:00,63219.47,154.69584
2024-03-20 13:49:00,63109.99,78.64868
2024-03-20 13:50:00,63010.11,80.56424
2024-03-20 13:51:00,63128.32,64.62361
2024-03-20 13:52:00,63091.72,62.67037
2024-03-20 13:53:00,63154.79,63.84218
2024-03-20 13:54:00,63138.95,50.00546
2024-03-20 13:55:00,63301.6,84.64717
2024-03-20 13:56:00,63253.98,66.14928
2024-03-20 13:57:00,63163.45,32.02265
2024-03-20 13:58:00,63085.01,39.63557
2024-03-20 13:59:00,63103.63,40.94486
2024-03-20 14:00:00,63058.57,35.28021
2024-03-20 14:01:00,62926.22,48.64322
2024-03-20 14:02:00,62942.47,64.84864
2024-03-20 14:03:00,62951.05,60.87133
2024-03-20 14:04:00,62902.81,72.53267
2024-03-20 14:05:00,62883.61,58.27446
2024-03-20 14:06:00,63140.91,49.17845
2024-03-20 14:07:00,63254.8,89.38166
2024-03-20 14:08:00,63250.0,54.79656
2024-03-20 14:09:00,63139.92,67.60996
2024-03-20 14:10:00,63214.03,40.84178
2024-03-20 14:11:00,63301.1,58.95532
2024-03-20 14:12:00,63335.56,47.19714
2024-03-20 14:13:00,63443.59,79.68934
2024-03-20 14:14:00,63655.95,139.3117
2024-03-20 14:15:00,64052.99,687.77445
2024-03-20 14:16:00,63929.51,261.15483
2024-03-20 14:17:00,64103.68,232.03681
2024-03-20 14:18:00,64489.99,230.72243
2024-03-20 14:19:00,64508.35,332.40884
2024-03-20 14:20:00,64581.09,326.91788
2024-03-20 14:21:00,64425.99,313.068
2024-03-20 14:22:00,64430.43,103.06362
2024-03-20 14:23:00,64346.18,95.50906
2024-03-20 14:24:00,64211.22,84.49675
2024-03-20 14:25:00,64373.53,67.57254
2024-03-20 14:26:00,64210.0,74.40111
2024-03-20 14:27:00,64110.2,111.09381
2024-03-20 14:28:00,64125.67,80.20635
2024-03-20 14:29:00,64086.21,74.80963
2024-03-20 14:30:00,64226.52,63.7035
2024-03-20 14:31:00,64256.93,52.72248
2024-03-20 14:32:00,64232.37,44.45098
2024-03-20 14:33:00,64223.62,44.01331
2024-03-20 14:34:00,64269.64,36.02119
2024-03-20 14:35:00,64122.76,55.27163
2024-03-20 14:36:00,64000.01,51.15408
2024-03-20 14:37:00,64241.61,52.42546
2024-03-20 14:38:00,64371.67,34.33971
2024-03-20 14:39:00,64362.4,84.9485
2024-03-20 14:40:00,64333.34,43.81527
2024-03-20 14:41:00,64228.5,42.56958
2024-03-20 14:42:00,64145.48,57.11449
2024-03-20 14:43:00,64091.75,63.20209
2024-03-20 14:44:00,64129.99,47.12789
2024-03-20 14:45:00,64101.1,33.26634
2024-03-20 14:46:00,63980.11,101.97786
2024-03-20 14:47:00,63964.79,50.96147
2024-03-20 14:48:00,63970.86,39.61351
2024-03-20 14:49:00,63961.11,75.40735
2024-03-20 14:50:00,63925.72,29.0848
2024-03-20 14:51:00,63907.25,23.09854
2024-03-20 14:52:00,63974.39,38.7964
2024-03-20 14:53:00,63989.13,32.05027
2024-03-20 14:54:00,64020.21,33.59572
2024-03-20 14:55:00,64007.18,26.63189
2024-03-20 14:56:00,64094.43,33.2784
2024-03-20 14:57:00,64116.64,25.7093
2024-03-20 14:58:00,64219.99,32.04581
2024-03-20 14:59:00,64107.58,54.69625
2024-03-20 15:00:00,64453.58,174.50732
2024-03-20 15:01:00,64471.25,78.42964
2024-03-20 15:02:00,64454.55,73.52413
2024-03-20 15:03:00,64547.28,61.23986
2024-03-20 15:04:00,64521.73,202.20321
2024-03-20 15:05:00,64711.87,107.12809
2024-03-20 15:06:00,64758.26,95.4743
2024-03-20 15:07:00,64504.68,93.15613
2024-03-20 15:08:00,64629.6,104.72929
2024-03-20 15:09:00,64560.6,42.88673
2024-03-20 15:10:00,64528.29,40.14653
2024-03-20 15:11:00,64645.03,37.29345
2024-03-20 15:12:00,64604.01,42.97142
2024-03-20 15:13:00,64665.0,36.58881
2024-03-20 15:14:00,64779.88,101.66107
2024-03-20 15:15:00,64530.83,101.50667
2024-03-20 15:16:00,64487.2,71.831
2024-03-20 15:17:00,64301.11,110.05244
2024-03-20 15:18:00,64201.1,55.546
2024-03-20 15:19:00,64056.38,141.88886
2024-03-20 15:20:00,64206.33,39.99474
2024-03-20 15:21:00,64172.67,42.14943
2024-03-20 15:22:00,64169.22,30.11485
2024-03-20 15:23:00,64134.21,41.11951
2024-03-20 15:24:00,64178.61,26.70934
2024-03-20 15:25:00,64250.07,43.70858
2024-03-20 15:26:00,64182.32,29.18509
2024-03-20 15:27:00,64291.11,31.86015
2024-03-20 15:28:00,64380.01,25.641
2024-03-20 15:29:00,64403.89,22.75427
2024-03-20 15:30:00,64263.42,42.15848
2024-03-20 15:31:00,64145.48,43.38235
2024-03-20 15:32:00,64106.07,49.63932
2024-03-20 15:33:00,64169.18,27.33179
2024-03-20 15:34:00,64071.13,102.3614
2024-03-20 15:35:00,64055.53,72.75687
2024-03-20 15:36:00,64095.5,78.01966
2024-03-20 15:37:00,64175.64,58.15929
2024-03-20 15:38:00,64229.99,46.76644
2024-03-20 15:39:00,64349.68,39.96451
2024-03-20 15:40:00,64303.81,60.46965
2024-03-20 15:41:00,64361.12,36.33632
2024-03-20 15:42:00,64375.64,31.07303
2024-03-20 15:43:00,64309.55,39.07408
2024-03-20 15:44:00,64439.99,38.41892
2024-03-20 15:45:00,64557.53,48.71755
2024-03-20 15:46:00,64556.3,58.47853
2024-03-20 15:47:00,64610.45,32.33569
2024-03-20 15:48:00,64668.05,42.07259
2024-03-20 15:49:00,64734.63,41.96189
2024-03-20 15:50:00,64691.08,72.51456
2024-03-20 15:51:00,64821.1,46.56662
2024-03-20 15:52:00,64977.9,98.58167
2024-03-20 15:53:00,65109.77,243.42699
2024-03-20 15:54:00,65318.3,166.99062
2024-03-20 15:55:00,65424.49,122.62407
2024-03-20 15:56:00,65436.7,120.50585
2024-03-20 15:57:00,65261.11,128.46393
2024-03-20 15:58:00,65300.01,100.99316
2024-03-20 15:59:00,65414.93,106.20476
2024-03-20 16:00:00,65451.3,89.54582
2024-03-20 16:01:00,65278.95,82.64883
2024-03-20 16:02:00,65283.75,56.27739
2024-03-20 16:03:00,65216.78,63.7898
2024-03-20 16:04:00,65337.15,73.23404
2024-03-20 16:05:00,65359.97,69.15634
2024-03-20 16:06:00,65341.09,58.45078
2024-03-20 16:07:00,65409.99,92.47251
2024-03-20 16:08:00,65438.1,81.66746
2024-03-20 16:09:00,65476.91,87.91944
2024-03-20 16:10:00,65503.2,155.80046
2024-03-20 16:11:00,65506.56,67.54148
2024-03-20 16:12:00,65597.6,77.37174
2024-03-20 16:13:00,65700.18,102.66786
2024-03-20 16:14:00,65600.0,83.81462
2024-03-20 16:15:00,65648.75,75.55101
2024-03-20 16:16:00,65561.15,78.05629
2024-03-20 16:17:00,65309.03,137.5458
2024-03-20 16:18:00,65294.57,64.08321
2024-03-20 16:19:00,65270.63,61.30863
2024-03-20 16:20:00,65360.0,72.45267
2024-03-20 16:21:00,65296.75,58.50864
2024-03-20 16:22:00,65329.67,44.22754
2024-03-20 16:23:00,65257.02,49.51059
2024-03-20 16:24:00,65300.01,53.77896
2024-03-20 16:25:00,65221.1,44.41708
2024-03-20 16:26:00,65326.38,47.24968
2024-03-20 16:27:00,65375.01,41.65381
2024-03-20 16:28:00,65499.91,56.06268
2024-03-20 16:29:00,65450.18,26.5451
2024-03-20 16:30:00,65481.99,33.4835
2024-03-20 16:31:00,65372.0,43.68517
2024-03-20 16:32:00,65374.64,30.76001
2024-03-20 16:33:00,65505.52,33.05787
2024-03-20 16:34:00,65561.11,56.9962
2024-03-20 16:35:00,65637.55,67.10655
2024-03-20 16:36:00,65433.94,72.01946
2024-03-20 16:37:00,65410.35,54.84277
2024-03-20 16:38:00,65541.66,27.34507
2024-03-20 16:39:00,65476.21,23.82005
2024-03-20 16:40:00,65569.97,58.65566
2024-03-20 16:41:00,65620.0,61.69768
2024-03-20 16:42:00,65651.51,79.23284
2024-03-20 16:43:00,65621.11,87.11748
2024-03-20 16:44:00,65639.99,38.56163
2024-03-20 16:45:00,65577.16,36.75036
2024-03-20 16:46:00,65658.59,53.42288
2024-03-20 16:47:00,65779.02,56.31058
2024-03-20 16:48:00,65802.64,60.50418
2024-03-20 16:49:00,65935.3,103.629
2024-03-20 16:50:00,65840.01,122.10341
2024-03-20 16:51:00,65900.01,64.12427
2024-03-20 16:52:00,65851.93,58.45095
2024-03-20 16:53:00,65919.4,57.89789
2024-03-20 16:54:00,65841.11,58.95543
2024-03-20 16:55:00,65922.05,57.70174
2024-03-20 16:56:00,65899.28,118.8803
2024-03-20 16:57:00,65821.09,89.72749
2024-03-20 16:58:00,65766.94,90.06437
2024-03-20 16:59:00,65784.46,91.93437
2024-03-20 17:00:00,65672.54,56.4194
2024-03-20 17:01:00,65703.65,68.49705
2024-03-20 17:02:00,65720.27,38.3082
2024-03-20 17:03:00,65849.98,46.62678
2024-03-20 17:04:00,65960.69,93.77144
2024-03-20 17:05:00,66277.31,192.71729
2024-03-20 17:06:00,66420.09,212.7573
2024-03-20 17:07:00,66453.5,198.1525
2024-03-20 17:08:00,66356.85,90.54004
2024-03-20 17:09:00,66461.88,66.3863
2024-03-20 17:10:00,66449.63,80.94477
2024-03-20 17:11:00,66406.51,66.92367
2024-03-20 17:12:00,66443.97,48.98798
2024-03-20 17:13:00,66269.98,101.33413
2024-03-20 17:14:00,66251.03,79.41712
2024-03-20 17:15:00,66411.3,65.70016
2024-03-20 17:16:00,66236.75,62.51617
2024-03-20 17:17:00,66410.26,47.26604
2024-03-20 17:18:00,66357.85,76.16011
2024-03-20 17:19:00,66421.12,83.89308
2024-03-20 17:20:00,66432.12,83.86847
2024-03-20 17:21:00,66448.82,120.78098
2024-03-20 17:22:00,66404.31,76.92539
2024-03-20 17:23:00,66416.16,74.39328
2024-03-20 17:24:00,66650.0,239.04988
2024-03-20 17:25:00,66698.33,178.97148
2024-03-20 17:26:00,66703.12,117.43485
2024-03-20 17:27:00,66821.24,53.1913
2024-03-20 17:28:00,66848.58,109.22474
2024-03-20 17:29:00,66888.0,84.09604
2024-03-20 17:30:00,66950.12,191.29848
2024-03-20 17:31:00,67053.05,106.69105
2024-03-20 17:32:00,67229.99,236.2164
2024-03-20 17:33:00,67200.0,125.39028
2024-03-20 17:34:00,67388.89,158.01161
2024-03-20 17:35:00,67389.3,129.02942
2024-03-20 17:36:00,67426.1,169.95847
2024-03-20 17:37:00,67669.92,211.78174
2024-03-20 17:38:00,67737.82,134.35095
2024-03-20 17:39:00,67539.99,151.8628
2024-03-20 17:40:00,67442.67,133.4785
2024-03-20 17:41:00,67320.0,108.84355
2024-03-20 17:42:00,67281.1,52.0671
2024-03-20 17:43:00,67479.41,79.35004
2024-03-20 17:44:00,67470.01,46.65511
2024-03-20 17:45:00,67334.72,64.75102
2024-03-20 17:46:00,67168.15,78.14186
2024-03-20 17:47:00,67249.9,84.18394
2024-03-20 17:48:00,67246.62,54.5047
2024-03-20 17:49:00,67317.37,42.7558
2024-03-20 17:50:00,67241.09,43.30824
2024-03-20 17:51:00,67106.04,74.18352
2024-03-20 17:52:00,67078.18,44.20075
2024-03-20 17:53:00,66962.29,149.18834
2024-03-20 17:54:00,66955.0,64.42739
2024-03-20 17:55:00,67057.47,71.49627
2024-03-20 17:56:00,67137.65,99.0538
2024-03-20 17:57:00,67143.26,102.97431
2024-03-20 17:58:00,67060.0,71.58719
2024-03-20 17:59:00,67057.56,52.75911
2024-03-20 18:00:00,67143.15,74.79612
2024-03-20 18:01:00,67057.54,77.06292
2024-03-20 18:02:00,67175.27,49.64282
2024-03-20 18:03:00,67111.92,66.21371
2024-03-20 18:04:00,67061.71,57.44347
2024-03-20 18:05:00,66997.35,58.66876
2024-03-20 18:06:00,66960.02,98.7738
2024-03-20 18:07:00,66953.54,79.2847
2024-03-20 18:08:00,67065.02,69.62877
2024-03-20 18:09:00,67017.05,29.40069
2024-03-20 18:10:00,67084.2,22.90265
2024-03-20 18:11:00,67023.63,44.36071
2024-03-20 18:12:00,67059.76,57.79874
2024-03-20 18:13:00,67181.09,76.92814
2024-03-20 18:14:00,67319.58,64.79888
2024-03-20 18:15:00,67373.86,124.96017
2024-03-20 18:16:00,67395.41,87.47031
2024-03-20 18:17:00,67293.47,45.71467
2024-03-20 18:18:00,67257.38,78.18633
2024-03-20 18:19:00,67308.46,32.99476
2024-03-20 18:20:00,67237.6,41.28803
2024-03-20 18:21:00,67303.67,28.5646
2024-03-20 18:22:00,67344.53,29.86696
2024-03-20 18:23:00,67351.24,47.5123
2024-03-20 18:24:00,67530.28,142.89052
2024-03-20 18:25:00,67698.11,80.78365
2024-03-20 18:26:00,67805.39,238.39829
2024-03-20 18:27:00,67845.94,65.98346
2024-03-20 18:28:00,67899.98,71.57526
2024-03-20 18:29:00,67773.78,69.59214
2024-03-20 18:30:00,67777.0,56.44756
2024-03-20 18:31:00,67825.38,30.38896
2024-03-20 18:32:00,67667.1,57.38229
2024-03-20 18:33:00,67537.19,43.90931
2024-03-20 18:34:00,67600.01,40.97515
2024-03-20 18:35:00,67459.99,65.789
2024-03-20 18:36:00,67585.93,104.77167
2024-03-20 18:37:00,67489.05,113.06748
2024-03-20 18:38:00,67587.93,56.04533
2024-03-20 18:39:00,67677.27,50.47358
2024-03-20 18:40:00,67481.1,42.88388
2024-03-20 18:41:00,67620.15,22.16741
2024-03-20 18:42:00,67572.62,21.96387
2024-03-20 18:43:00,67631.6,22.96983
2024-03-20 18:44:00,67635.29,33.32247
2024-03-20 18:45:00,67649.68,54.95927
2024-03-20 18:46:00,67709.88,40.72597
2024-03-20 18:47:00,67500.0,42.05559
2024-03-20 18:48:00,67434.62,29.06535
2024-03-20 18:49:00,67616.53,30.6586
2024-03-20 18:50:00,67591.2,38.47585
2024-03-20 18:51:00,67671.9,34.76558
2024-03-20 18:52:00,67737.08,20.08076
2024-03-20 18:53:00,67712.11,27.70115
2024-03-20 18:54:00,67728.0,23.18671
2024-03-20 18:55:00,67750.0,30.84147
2024-03-20 18:56:00,67621.1,33.16411
2024-03-20 18:57:00,67501.11,49.58612
2024-03-20 18:58:00,67636.11,26.98176
2024-03-20 18:59:00,67676.15,23.70274
2024-03-20 19:00:00,67677.86,39.67149
2024-03-20 19:01:00,67612.06,47.99853
2024-03-20 19:02:00,67741.11,44.82038
2024-03-20 19:03:00,67870.4,55.1881
2024-03-20 19:04:00,67955.99,46.28841
2024-03-20 19:05:00,67950.0,50.8774
2024-03-20 19:06:00,67994.33,37.32819
2024-03-20 19:07:00,67803.12,48.016
2024-03-20 19:08:00,67784.91,47.18289
2024-03-20 19:09:00,67894.0,41.26362
2024-03-20 19:10:00,67899.97,45.13843
2024-03-20 19:11:00,67952.53,60.94717
2024-03-20 19:12:00,67965.88,37.65737
2024-03-20 19:13:00,67992.49,30.88066
2024-03-20 19:14:00,67982.2,64.63382
2024-03-20 19:15:00,68067.6,167.08854
2024-03-20 19:16:00,67888.0,73.3154
2024-03-20 19:17:00,67847.69,65.68573
2024-03-20 19:18:00,67730.86,53.3987
2024-03-20 19:19:00,67829.51,60.36911
2024-03-20 19:20:00,67716.54,54.43935
2024-03-20 19:21:00,67591.5,84.76261
2024-03-20 19:22:00,67666.34,48.86278
2024-03-20 19:23:00,67593.96,31.63215
2024-03-20 19:24:00,67649.4,44.97371
2024-03-20 19:25:00,67716.02,21.07818
2024-03-20 19:26:00,67673.64,30.29948
2024-03-20 19:27:00,67656.25,38.50545
2024-03-20 19:28:00,67725.5,36.71458
2024-03-20 19:29:00,67706.0,50.96866
2024-03-20 19:30:00,67792.26,29.82059
2024-03-20 19:31:00,67611.38,42.76216
2024-03-20 19:32:00,67575.07,33.44284
2024-03-20 19:33:00,67569.3,32.55628
2024-03-20 19:34:00,67539.56,34.16313
2024-03-20 19:35:00,67668.6,56.1761
2024-03-20 19:36:00,67611.6,33.42081
2024-03-20 19:37:00,67563.87,22.88839
2024-03-20 19:38:00,67517.19,51.68744
2024-03-20 19:39:00,67646.74,27.23818
2024-03-20 19:40:00,67693.9,29.32885
2024-03-20 19:41:00,67741.79,34.59518
2024-03-20 19:42:00,67724.6,37.6217
2024-03-20 19:43:00,67521.09,87.08394
2024-03-20 19:44:00,67546.65,29.34269
2024-03-20 19:45:00,67487.27,58.72361
2024-03-20 19:46:00,67509.48,49.3863
2024-03-20 19:47:00,67463.78,34.11557
2024-03-20 19:48:00,67448.04,35.9405
2024-03-20 19:49:00,67422.2,59.54612
2024-03-20 19:50:00,67400.08,53.10285
2024-03-20 19:51:00,67399.99,34.34336
2024-03-20 19:52:00,67490.01,31.18097
2024-03-20 19:53:00,67453.05,36.29814
2024-03-20 19:54:00,67422.21,20.29079
2024-03-20 19:55:00,67561.05,25.88507
2024-03-20 19:56:00,67553.8,51.92443
2024-03-20 19:57:00,67641.27,62.46442
2024-03-20 19:58:00,67720.0,46.67051
2024-03-20 19:59:00,67681.94,42.96981
2024-03-20 20:00:00,67644.0,40.09299
2024-03-20 20:01:00,67502.78,59.3136
2024-03-20 20:02:00,67456.18,42.58581
2024-03-20 20:03:00,67511.49,48.64517
2024-03-20 20:04:00,67573.32,56.19417
2024-03-20 20:05:00,67693.58,40.43228
2024-03-20 20:06:00,67695.99,22.28974
2024-03-20 20:07:00,67680.21,38.43953
2024-03-20 20:08:00,67764.39,27.9013
2024-03-20 20:09:00,67715.99,23.95711
2024-03-20 20:10:00,67759.96,26.43414
2024-03-20 20:11:00,67683.58,64.54389
2024-03-20 20:12:00,67694.81,20.94073
2024-03-20 20:13:00,67772.01,29.97123
2024-03-20 20:14:00,67813.64,99.43627
2024-03-20 20:15:00,67924.01,51.41968
2024-03-20 20:16:00,67925.26,36.11779
2024-03-20 20:17:00,67872.0,28.23324
2024-03-20 20:18:00,67910.01,26.35266
2024-03-20 20:19:00,67880.0,45.08938
2024-03-20 20:20:00,67785.8,30.55437
2024-03-20 20:21:00,67728.63,35.62516
2024-03-20 20:22:00,67681.98,28.13301
2024-03-20 20:23:00,67667.68,28.62637
2024-03-20 20:24:00,67724.0,30.87175
2024-03-20 20:25:00,67770.0,30.68813
2024-03-20 20:26:00,67896.0,38.24117
2024-03-20 20:27:00,67827.99,38.40927
2024-03-20 20:28:00,67822.19,26.67925
2024-03-20 20:29:00,67843.0,18.61687
2024-03-20 20:30:00,67838.22,35.2087
2024-03-20 20:31:00,67720.0,29.86293
2024-03-20 20:32:00,67883.99,31.65627
2024-03-20 20:33:00,67898.4,23.19498
2024-03-20 20:34:00,67851.09,41.30288
2024-03-20 20:35:00,67803.98,31.59021
2024-03-20 20:36:00,67814.71,46.32768
2024-03-20 20:37:00,67820.59,32.47352
2024-03-20 20:38:00,67926.48,39.16674
2024-03-20 20:39:00,67871.29,34.36315
2024-03-20 20:40:00,67895.99,28.18568
2024-03-20 20:41:00,68000.01,118.17833
2024-03-20 20:42:00,67865.42,39.72322
2024-03-20 20:43:00,67793.4,37.46592
2024-03-20 20:44:00,67736.0,55.14059
2024-03-20 20:45:00,67703.99,68.27932
2024-03-20 20:46:00,67660.0,43.30828
2024-03-20 20:47:00,67798.19,35.43139
2024-03-20 20:48:00,67754.47,50.98603
2024-03-20 20:49:00,67839.99,22.73611
2024-03-20 20:50:00,67875.17,22.04045
2024-03-20 20:51:00,67850.02,20.65963
2024-03-20 20:52:00,67853.33,36.89418
2024-03-20 20:53:00,67812.0,48.7917
2024-03-20 20:54:00,67881.1,28.35015
2024-03-20 20:55:00,67920.0,28.76116
2024-03-20 20:56:00,67872.83,32.93445
2024-03-20 20:57:00,67864.0,36.30825
2024-03-20 20:58:00,67892.01,28.78503
2024-03-20 20:59:00,67840.51,38.04814
2024-03-20 21:00:00,67845.49,83.62892
2024-03-20 21:01:00,67783.83,75.76965
2024-03-20 21:02:00,67764.89,42.88781
2024-03-20 21:03:00,67779.99,62.34575
2024-03-20 21:04:00,67744.62,43.9625
2024-03-20 21:05:00,67700.0,37.69975
2024-03-20 21:06:00,67694.39,48.75926
2024-03-20 21:07:00,67629.28,40.43923
2024-03-20 21:08:00,67664.0,40.8324
2024-03-20 21:09:00,67880.0,69.80318
2024-03-20 21:10:00,67829.29,38.03113
2024-03-20 21:11:00,67822.63,37.83672
2024-03-20 21:12:00,67764.0,27.76377
2024-03-20 21:13:00,67799.66,24.84272
2024-03-20 21:14:00,67775.88,38.25391
2024-03-20 21:15:00,67804.01,27.33206
2024-03-20 21:16:00,67790.63,27.7806
2024-03-20 21:17:00,67720.01,32.14115
2024-03-20 21:18:00,67827.99,42.89893
2024-03-20 21:19:00,67856.88,54.44595
2024-03-20 21:20:00,67853.18,127.9103
2024-03-20 21:21:00,67787.99,31.97584
2024-03-20 21:22:00,67750.01,46.50769
2024-03-20 21:23:00,67725.34,35.40496
2024-03-20 21:24:00,67685.21,30.96014
2024-03-20 21:25:00,67605.23,59.75437
2024-03-20 21:26:00,67552.0,50.61578
2024-03-20 21:27:00,67502.82,51.13625
2024-03-20 21:28:00,67611.72,52.6464
2024-03-20 21:29:00,67684.0,37.22277
2024-03-20 21:30:00,67673.39,24.23736
2024-03-20 21:31:00,67761.76,25.07548
2024-03-20 21:32:00,67711.64,22.66645
2024-03-20 21:33:00,67528.99,70.25718
2024-03-20 21:34:00,67506.49,44.15861
2024-03-20 21:35:00,67561.52,77.30804
2024-03-20 21:36:00,67675.22,72.7498
2024-03-20 21:37:00,67739.99,35.56035
2024-03-20 21:38:00,67752.16,47.34969
2024-03-20 21:39:00,67819.99,34.76522
2024-03-20 21:40:00,67871.78,51.35629
2024-03-20 21:41:00,67954.84,50.74973
2024-03-20 21:42:00,68076.0,93.91432
2024-03-20 21:43:00,68212.01,133.79121
2024-03-20 21:44:00,68052.01,74.19162
2024-03-20 21:45:00,67919.97,105.71676
2024-03-20 21:46:00,67959.49,49.33385
2024-03-20 21:47:00,67887.99,53.67452
2024-03-20 21:48:00,68036.13,51.28652
2024-03-20 21:49:00,67931.0,37.91131
2024-03-20 21:50:00,67926.2,25.76604
2024-03-20 21:51:00,67888.0,30.52918
2024-03-20 21:52:00,67841.1,27.7419
2024-03-20 21:53:00,67768.0,48.83364
2024-03-20 21:54:00,67708.0,60.75689
2024-03-20 21:55:00,67756.0,4.72463
